#{"t_start": 1716081418.3606818, "env_id": "manipulator_mujoco/UR5eEnv-v0"}
r,l,t
6786.992181,500,11.706386
10152.587767,500,22.320565
9485.36292,500,32.439972
-58.56721,29,34.82397
9142.439003,500,44.989435
9751.284612,500,55.325798
8823.083835,500,65.11463
9133.844561,500,75.041754
9447.184781,500,85.817864
-59.823362,36,91.675077
