#{"t_start": 1716035261.7371686, "env_id": "manipulator_mujoco/UR5eEnv-v0"}
r,l,t
5457.346044,500,38.004307
5404.834861,500,74.410433
