#{"t_start": 1716100422.8764927, "env_id": "manipulator_mujoco/UR5eEnv-v0"}
r,l,t
7211.078024,500,13.304534
7700.994218,500,26.341415
7600.968156,500,39.055495
7840.624483,500,51.636861
