{"seed0": [[0.5224360970758258, 0.42951371863531174], [0.5111364999350702, 0.424171370237535], [0.5009817580862098, 0.4170867766209044], [0.4926172796209689, 0.4079921373296008], [0.4862967569827822, 0.39727016334366566], [0.48215541891992386, 0.3854781276491124], [0.48019814606022815, 0.37313246101852504], [0.480287052179703, 0.36063278542293775], [0.48220267062492883, 0.3482804417897678], [0.48568667499366314, 0.33627578497996113], [0.4904712288999794, 0.324727711042912], [0.49629805650312997, 0.3136688646563822], [0.5029289279080519, 0.3030725741575383], [0.5101487866672655, 0.29286846982492754], [0.5177638113011213, 0.282955776492827], [0.5255963295635341, 0.27321403762728713], [0.5334780615609106, 0.26351205419396634], [0.541242902741304, 0.2537162805889587], [0.5487206971031283, 0.2436996655024551], [0.5557329479855034, 0.23335179672926676], [0.5620923243970225, 0.2225903722101329], [0.5676069270883803, 0.2113725679305748], [0.572090183633354, 0.19970421795207105], [0.5753748114365819, 0.18764349127400304], [0.5773281565416881, 0.17529704858433898], [0.5778645737052406, 0.1628085657153454], [0.576951647977117, 0.15034194452396282], [0.574608896014121, 0.1380634481384162], [0.5709002219222218, 0.12612629160444333], [0.5659230071945005, 0.1146599401730003], [0.5597966911415727, 0.10376414835816916], [0.5526524889772161, 0.0935069473922866], [0.5446225998021407, 0.08392723452810291], [0.5358323773733059, 0.0750403901952642], [0.5264006033234587, 0.06683820484920366], [0.5164821252421994, 0.05930607019108192], [0.5062300867560889, 0.05241891251666997], [0.49562525628805854, 0.04607239379386352], [0.48457507183136084, 0.04022999032888819], [0.47330050572157845, 0.0348331105173354],[0.5316100137036645, 0.4334935798534404], [0.47330050572157845, 0.0348331105173354]], 
"seed1": [[0.62295963, 0.3851235], [0.6110257, 0.3814051], [0.5991115, 0.37762426], [0.58712206, 0.37442402], [0.57510436, 0.37146153], [0.56306278, 0.36835227], [0.55110893, 0.36473339], [0.53942869, 0.36028122], [0.52823589, 0.35471648], [0.51780463, 0.34782889], [0.50847482, 0.33950999], [0.50062455, 0.32978254], [0.49462538, 0.31881624], [0.4907884, 0.3069197], [0.48931455, 0.29450689], [0.49026189, 0.28204284], [0.49353841, 0.26997991], [0.49892145, 0.25869838], [0.5060973, 0.24846328], [0.51470976, 0.23940373], [0.52440521, 0.23151397], [0.53486544, 0.22467046], [0.54582389, 0.21865694], [0.55706547, 0.21319097], [0.56841285, 0.20794816], [0.57970312, 0.20258348], [0.59075944, 0.19675186], [0.60136248, 0.19013177], [0.61122756, 0.18245518], [0.61999465, 0.17354518], [0.62723881, 0.16335832], [0.63250682, 0.15202264], [0.63538024, 0.13985739], [0.63555267, 0.12735879], [0.63290088, 0.11514331], [0.62753231, 0.10386768], [0.61979268, 0.09413523], [0.61016665, 0.08634896], [0.59914027, 0.08063725], [0.58724649, 0.07679553], [0.62295963, 0.3851235], [0.57768502, 0.07386669]], "seed2": [[0.54656314, 0.43962491], [0.55522565, 0.43061336], [0.56380085, 0.42151882], [0.57077344, 0.41122973], [0.5757495, 0.39988264], [0.5784335, 0.38774584], [0.57865323, 0.37526568], [0.57642798, 0.36296563], [0.57197443, 0.35128635], [0.56564847, 0.34050532], [0.55787317, 0.33071787], [0.54907374, 0.32183985], [0.53963841, 0.3136408], [0.52990985, 0.30579191], [0.52020195, 0.29791748], [0.51083028, 0.28964573], [0.50214129, 0.28065955], [0.4945259, 0.27074714], [0.48840616, 0.25984765], [0.48419137, 0.24807966], [0.48221181, 0.23573741], [0.48265085, 0.22324512], [0.48550169, 0.21107455], [0.49056751, 0.19964707], [0.49750592, 0.18924954], [0.5058993, 0.17998665], [0.51532427, 0.17177569], [0.52539764, 0.16437452], [0.53578903, 0.15742695], [0.5462028, 0.15051295], [0.55633989, 0.14319933], [0.56585514, 0.13509318], [0.57432703, 0.12590218], [0.58125737, 0.11549969], [0.58611401, 0.10398231], [0.58841213, 0.09171555], [0.58783044, 0.07930108], [0.58429933, 0.06742268], [0.5780366, 0.05667976], [0.56965887, 0.04740444], [0.54656314, 0.43962491], [0.5627992, 0.04012815]], "seed3": [[0.60409068, 0.3986962], [0.5925812699999999, 0.3938198], [0.5811062499999999, 0.38886322], [0.56972649, 0.38387883], [0.5584563699999999, 0.37873426], [0.54728468, 0.37327755], [0.53627549, 0.36739126], [0.5255384799999999, 0.36099112], [0.51517426, 0.35400359], [0.5052771399999999, 0.34636842], [0.49594940000000004, 0.33804719], [0.48729925, 0.32902364], [0.47943699, 0.31930587], [0.47247058000000003, 0.30892709], [0.46650051, 0.29794491], [0.46161623, 0.28643866], [0.45789149, 0.27450651], [0.45538103, 0.2622612], [0.45411832999999996, 0.24982514], [0.45411445, 0.23732514], [0.45535792999999997, 0.22488714], [0.45781614, 0.21263124], [0.46143731000000004, 0.20066725], [0.46615358, 0.18909111], [0.47188442, 0.17798222], [0.47854055, 0.16740177], [0.48602766000000003, 0.15739212], [0.49424976000000004, 0.14797686], [0.50311219, 0.13916169], [0.51252411, 0.13093577], [0.5224005899999999, 0.12327386], [0.5326639099999999, 0.11613846], [0.5432443899999999, 0.10948247], [0.5540804199999999, 0.10325168], [0.5651181799999999, 0.09738546], [0.57629497, 0.09182514], [0.58753663, 0.08651673], [0.59881286, 0.08138788], [0.61016712, 0.07634029], [0.6216212999999999, 0.07133842], [0.60409068, 0.3986962], [0.63084023, 0.06746401]], "seed4": [[0.47855529999999996, 0.46105838], [0.46721233, 0.45580641], [0.45603454000000004, 0.45021185999999996], [0.44671181, 0.44200333999999997], [0.43947392, 0.43194777], [0.43427577, 0.42065109], [0.430973, 0.40861115], [0.42936615, 0.39621503999999996], [0.42922777, 0.3837161], [0.43032591000000003, 0.37126447], [0.43244257, 0.358945], [0.4353841, 0.34679604999999997], [0.43898598, 0.33482623], [0.44311048000000003, 0.3230263], [0.44764442, 0.31137755], [0.45249553000000003, 0.29985727], [0.45758949, 0.2884423], [0.4628676, 0.2771113], [0.46828458, 0.26584603], [0.47380682, 0.25463198], [0.47941090000000003, 0.24345861000000002], [0.48508244000000006, 0.23231933], [0.49081526000000003, 0.22121144999999998], [0.49661073000000006, 0.21013614000000003], [0.50247734, 0.19909834999999998], [0.5084304399999999, 0.18810696], [0.5144919699999999, 0.17717500000000003], [0.5206901399999999, 0.16631992], [0.5270592599999999, 0.15556426], [0.53363918, 0.14493625], [0.54047532, 0.13447121], [0.5476176399999999, 0.12421270000000001], [0.55511994, 0.11421449], [0.5630367799999999, 0.10454148], [0.57142039, 0.09527023000000001], [0.58030788, 0.08650477000000001], [0.5897214599999999, 0.07838119], [0.59970368, 0.07103580000000001], [0.61034207, 0.06461075000000001], [0.62162336, 0.05923031], [0.47855529999999996, 0.46105838], [0.6307920499999999, 0.05523845]]}