#{"t_start": 1716513739.276853, "env_id": "manipulator_mujoco/UR5eEnv-v1"}
r,l,t
5746.190266,57,7.337666
6499.38736,500,46.731629
5819.245664,60,51.5436
6009.044683,500,90.843142
-106.217925,32,93.490978
-388.606586,500,132.874915
6026.572668,121,142.491735
