#{"t_start": 1716213930.9346263, "env_id": "manipulator_mujoco/UR5eEnv-v2"}
r,l,t
3857.064199,500,41.97723
375.371166,500,81.938492
3205.354968,500,121.708537
508.41185,500,161.398618
-774.12971,500,204.929917
5399.964774,500,249.037844
2073.485132,500,293.014155
453.96008,500,334.576172
477.643904,500,374.268738
-750.081659,500,413.883327
