#{"t_start": 1716429482.1369512, "env_id": "manipulator_mujoco/UR5eEnv-v1"}
r,l,t
-26.400666,5,1.233697
-22.569741,2,1.44842
